depth,#analyzed,#with_empty_sahab_report,#with_not_empty_sahab_report,#with_manipulated_diff,#with_diff_generated,#with_distinct_states_added,sahab_time,line_var_and_mapping_computation_time,diff_computation_time,ui_manipulation_time
0,602,7,569,476,476,385,44058.83687943262,51783.84751773049,1446.9432624113474,33.91843971631206
1,602,8,567,403,403,339,54212.67375886525,50417.70921985816,3770.9645390070923,33.248226950354606
2,602,14,561,376,376,310,66583.57092198581,46889.41134751773,7135.4503546099295,34.09574468085106
3,527,46,457,291,291,237,93816.96808510639,47095.13120567376,16346.734042553191,33.748226950354606
Number of commits with reports: 282,0,0,0,0,0,0,0,0,0,0
