depth,#analyzed,#with_empty_sahab_report,#with_not_empty_sahab_report,#with_manipulated_diff,#with_diff_generated,#with_distinct_states_added,sahab_time,line_var_and_mapping_computation_time,diff_computation_time,ui_manipulation_time
0,307,0,293,236,236,213,144704.5849056604,34756.41509433962,8622.245283018869,34.320754716981135
1,252,0,242,162,162,154,228199.3962264151,31290.43396226415,19652.056603773584,33.867924528301884
2,137,0,129,71,71,69,479269.77358490566,31384.88679245283,52554.339622641506,35.320754716981135
3,98,0,91,54,54,54,1655279.641509434,31925.45283018868,261340.15094339623,36.75471698113208
Number of commits with reports: 53,0,0,0,0,0,0,0,0,0,0
